{
  "precision": 0.949874686716792,
  "recall": 0.8574660633484162,
  "f1_score": 0.901307966706302,
  "fpr": 0.01627339300244101,
  "cm_tn": 3627,
  "cm_fp": 60,
  "cm_fn": 189,
  "cm_tp": 1137
}