{
  "precision": 0.9535768645357686,
  "recall": 0.944947209653092,
  "f1_score": 0.9492424242424242,
  "fpr": 0.01654461621914836,
  "cm_tn": 3626,
  "cm_fp": 61,
  "cm_fn": 73,
  "cm_tp": 1253
}